Year,Month,Forecast_sales_existing_stores
2016,1,21829060.031666
2016,2,21146329.6319817
2016,3,23735686.9387899
2016,4,22409515.2844737
2016,5,25621828.7250966
2016,6,26307858.0400465
2016,7,26705092.5563487
2016,8,23440761.3295266
2016,9,20640047.3199708
2016,10,20086270.4620746
2016,11,20858119.95754
2016,12,21255190.2449756
