Year,Month,"Forecast_Sales_new_Stores "
2016,1,2588356.558187
2016,2,2498567.174382
2016,3,2919067.024801
2016,4,2797280.082984
2016,5,3163764.859191
2016,6,3202813.288678
2016,7,3228212.242266
2016,8,2868914.812082
2016,9,2538372.266534
2016,10,2485732.284852
2016,11,2583447.593735
2016,12,2562181.699980
